Roadway Name Traffic Data,Roadway Name OSM Data,
BEACH STREET,BEACH STREET,Beach Street
LITTLE CLOVE ROAD,LITTLE CLOVE ROAD,Little Clove Road
NARROWS ROAD SOUTH,NARROWS ROAD SOUTH,Narrows Road South
OCEAN TERRACE,OCEAN TERRACE,Ocean Terrace
BAY ST,BAY STREET,Bay Street
CLOVE RD,CLOVE ROAD,Clove Road
HYLAN BLVD,HYLAN BOULEVARD,Hylan Boulevard
MANOR RD,MANOR ROAD,Manor Road
TARGEE ST,TARGEE STREET,Targee Street
TODT HILL RD,TODT HILL ROAD,Todt Hill Road
VAN DUZER STREET,VAN DUZER STREET,Van Duzer Street
VICTORY BOULEVARD,VICTORY BOULEVARD,Victory Boulevard
MORGAN AVE,MORGAN AVENUE,Morgan Avenue
PARK AVENUE,PARK AVENUE,Park Avenue
8 AVE,8TH AVENUE,8th Avenue
KINGSLAND AVENUE,KINGSLAND AVENUE,Kingsland Avenue
LEWIS AVE,LEWIS AVENUE,Lewis Avenue
HUMBOLDT STREET,HUMBOLDT STREET,Humboldt Street
KENT AVENUE,KENT AVENUE,Kent Avenue
RALPH AVE,RALPH AVENUE,Ralph Avenue
ROCKAWAY AVE,ROCKAWAY AVENUE,Rockaway Avenue
STUYVESANT AVENUE,STUYVESANT AVENUE,Stuyvesant Avenue
THROOP AVENUE,THROOP AVENUE,Throop Avenue
UNION AVENUE,UNION AVENUE,Union Avenue
MALCOLM X BLVD,MALCOLM X BOULEVARD,Malcolm X Boulevard
GRAHAM AVENUE,GRAHAM AVENUE,Graham Avenue
GREENE AVENUE,GREENE AVENUE,Greene Avenue
GREENPOINT AVENUE,GREENPOINT AVENUE,Greenpoint Avenue
KINGSTON AVE,KINGSTON AVENUE,Kingston Avenue
3 AVE,3RD AVENUE,3rd Avenue
4 AVE,4TH AVENUE,4th Avenue
5 AVE,5TH AVENUE,5th Avenue
6 AVE,6TH AVENUE,6th Avenue
7 AVE,7TH AVENUE,7th Avenue
NEW YORK AVE,NEW YORK AVENUE,New York Avenue
QUINCY ST,QUINCY STREET,Quincy Street
SMITH ST,SMITH STREET,Smith Street
TOMPKINS AVE,TOMPKINS AVENUE,Tompkins Avenue
UNION ST,UNION STREET,Union Street
VAN BRUNT ST,VAN BRUNT STREET,Van Brunt Street
VANDERBILT AVE,VANDERBILT AVENUE,Vanderbilt Avenue
WASHINGTON AVE,WASHINGTON AVENUE,Washington Avenue
PUTNAM AVE,PUTNAM AVENUE,Putnam Avenue
CASTLETON AVENUE,CASTLETON AVENUE,Castleton Avenue
MARCUS GARVEY BLVD,MARCUS GARVEY BOULEVARD,Marcus Garvey Boulevard
FRANKLIN AV,FRANKLIN AVENUE,Franklin Avenue
FRANKLIN AVE,FRANKLIN AVENUE,Franklin Avenue
FULTON AVENUE,FULTON AVENUE,Fulton Avenue
MARCY AVENUE,MARCY AVENUE,Marcy Avenue
POST AVENUE,POST AVENUE,Post Avenue
TRAVIS AVENUE,TRAVIS AVENUE,Travis Avenue
WOOLLEY AVENUE,WOOLLEY AVENUE,Woolley Avenue
BRIELLE AVENUE,BRIELLE AVENUE,Brielle Avenue
BRADLEY AVENUE,BRADLEY AVENUE,Bradley Avenue
Delafield Ave,Delafield AVENUE,Delafield Avenue
Forest Ave,Forest AVENUE,Forest Avenue
RICHMOND AVENUE,RICHMOND AVENUE,Richmond Avenue
114 STREET,114th STREET,114th Street
REMSEN AVENUE,REMSEN AVENUE,Remsen Avenue
LIBERTY AVENUE,LIBERTY AVENUE,Liberty Avenue
STANLEY AVENUE,STANLEY AVENUE,Stanley Avenue
VETERANS AVENUE,VETERANS AVENUE,Veterans Avenue
BAY RIDGE AVENUE,BAY RIDGE AVENUE,Bay Ridge Avenue
NEW LOTS AVENUE,NEW LOTS AVENUE,New Lots Avenue
SCHENCK AVENUE,SCHENCK AVENUE,Schenck Avenue
SUTTER AVENUE,SUTTER AVENUE,Sutter Avenue
FULTON STREET,FULTON STREET,Fulton Street
RICHMOND ROAD,RICHMOND ROAD,Richmond Road
Richmond Rd,Richmond ROAD,Richmond Road
ARTHUR KILL ROAD,ARTHUR KILL ROAD,Arthur Kill Road
BLOOMINGDALE ROAD,BLOOMINGDALE ROAD,Bloomingdale Road
225 STREET,225TH STREET,225th Street
DRUMGOOLE ROAD EAST,DRUMGOOLE ROAD EAST,Drumgoole Road East
FOSTER ROAD,FOSTER ROAD,Foster Road
HUGUENOT AVENUE,HUGUENOT AVENUE,Huguenot Avenue
DRUMGOOLE ROAD WEST,DRUMGOOLE ROAD WEST,Drumgoole Road West
WOODROW ROAD,WOODROW ROAD,Woodrow Road
AMBOY ROAD,AMBOY ROAD,Amboy Road
Amboy Rd,Amboy ROAD,Amboy Road
Snyder Ave,Snyder AVENUE,Snyder Avenue
ANNADALE ROAD,ANNADALE ROAD,Annadale Road
ARDEN AVENUE,ARDEN AVENUE,Arden Avenue
4th Ave,4th AVENUE,4th Avenue
NEW UTRECHT AVENUE,NEW UTRECHT AVENUE,New Utrecht Avenue
ORIENTAL BOULEVARD,ORIENTAL BOULEVARD,Oriental Boulevard
Shore Blvd,Shore BOULEVARD,Shore Boulevard
Shore Pkwy North,Shore PARKWAY North,Shore Parkway North
126 STREET,126th STREET,126th Street
Shore Rd,Shore ROAD,Shore Road
Shore Pkwy,Shore PARKWAY,Shore Parkway
Stillwell Ave,Stillwell AVENUE,Stillwell Avenue
MC DONALD AVENUE,MCDONALD AVENUE,McDonald Avenue
Ave H,Avenue H,Avenue H
3 AVENUE,3rd AVENUE,3rd Avenue
4 AVENUE,4th AVENUE,4th Avenue
5 AVENUE,5th AVENUE,5th Avenue
6 AVENUE,6th AVENUE,6th Avenue
7 AVENUE,7th AVENUE,7th Avenue
NEW YORK AVENUE,NEW YORK AVENUE,New York Avenue
Remsen Ave,Remsen AVENUE,Remsen Avenue
Clarkson Ave,Clarkson AVENUE,Clarkson Avenue
Winthrop St,Winthrop STREET,Winthrop Street
31 STREET,31st STREET,31st Street
39 AVENUE,39th AVENUE,39th Avenue
48 STREET,48th STREET,48th Street
CRESCENT STREET,CRESCENT STREET,Crescent Street
BROADWAY,BROADWAY,Broadway
21 STREET,21st STREET,21st Street
VERNON BOULEVARD,VERNON BOULEVARD,Vernon Boulevard
PARSONS BOULEVARD,PARSONS BOULEVARD,Parsons Boulevard
JACKSON AVENUE,JACKSON AVENUE,Jackson Avenue
HILLSIDE AVENUE,HILLSIDE AVENUE,Hillside Avenue
NORTHERN BOULEVARD,NORTHERN BOULEVARD,Northern Boulevard
ROOSEVELT AVENUE,ROOSEVELT AVENUE,Roosevelt Avenue
58 STREET,58th STREET,58th Street
STEINWAY STREET,STEINWAY STREET,Steinway Street
11 STREET,11th STREET,11th Street
130 PL,130th Place,130th Place
73 AVENUE,73rd AVENUE,73rd Avenue
FRESH MEADOW LANE,FRESH MEADOW LANE,Fresh Meadow Lane
HOLLIS AVENUE,HOLLIS AVENUE,Hollis Avenue
BRUCKNER BOULEVARD,BRUCKNER BOULEVARD,Bruckner Boulevard
134 Street,134th STREET,134th Street
CASTLE HILL AVENUE,CASTLE HILL AVENUE,Castle Hill Avenue
EAST TREMONT AVENUE,EAST TREMONT AVENUE,East Tremont Avenue
WESTCHESTER AVENUE,WESTCHESTER AVENUE,Westchester Avenue
141 STREET,141st STREET,141st Street
147 AVENUE,147th AVENUE,147th Avenue
FTELEY AVENUE,FTELEY AVENUE,Fteley Avenue
CALHOUN AVENUE,CALHOUN AVENUE,Calhoun Avenue
PENNYFIELD AVENUE,PENNYFIELD AVENUE,Pennyfield Avenue
RANDALL AVENUE,RANDALL AVENUE,Randall Avenue
ROSEDALE AVENUE,ROSEDALE AVENUE,Rosedale Avenue
ZEREGA AVENUE,ZEREGA AVENUE,Zerega Avenue
HARROD AVENUE,HARROD AVENUE,Harrod Avenue
FARMERS BOULEVARD,FARMERS BOULEVARD,Farmers Boulevard
FRANCIS LEWIS BOULEVARD,FRANCIS LEWIS BOULEVARD,Francis Lewis Boulevard
JAMAICA AVENUE,JAMAICA AVENUE,Jamaica Avenue
LINDEN BOULEVARD,LINDEN BOULEVARD,Linden Boulevard
MAIN STREET,MAIN STREET,Main Street
MERRICK BOULEVARD,MERRICK BOULEVARD,Merrick Boulevard
WOODSIDE AVE,WOODSIDE AVENUE,Woodside Avenue
58 AVENUE,58th AVENUE,58th Avenue
SPRINGFIELD BOULEVARD,SPRINGFIELD BOULEVARD,Springfield Boulevard
UNION TURNPIKE,UNION TURNPIKE,Union Turnpike
UTOPIA PARKWAY,UTOPIA PARKWAY,Utopia Parkway
150 STREET,150th STREET,150th Street
MURDOCK AVENUE,MURDOCK AVENUE,Murdock Avenue
115 AVENUE,115th AVENUE,115th Avenue
120 AVENUE,120th AVENUE,120th Avenue
FOREST AVENUE,FOREST AVENUE,Forest Avenue
EMPIRE AVENUE,EMPIRE AVENUE,Empire Avenue
SEAGIRT BLVD,SEAGIRT BOULEVARD,Seagirt Boulevard
EAST FORDHAM ROAD,EAST FORDHAM ROAD,East Fordham Road
EAST KINGSBRIDGE ROAD,EAST KINGSBRIDGE ROAD,East Kingsbridge Road
PITMAN AVENUE,PITMAN AVENUE,Pitman Avenue
SOUTHERN BOULEVARD,SOUTHERN BOULEVARD,Southern Boulevard
164 STREET,164th STREET,164th Street
WEST FORDHAM ROAD,WEST FORDHAM ROAD,West Fordham Road
LACONIA AVENUE,LACONIA AVENUE,Laconia Avenue
WEBSTER AVENUE,WEBSTER AVENUE,Webster Avenue
167 Street,167th STREET,167th Street
169 Street,169th STREET,169th Street
188 STREET,188th STREET,188th Street
JEROME AVENUE,JEROME AVENUE,Jerome Avenue
OGDEN AVENUE,OGDEN AVENUE,Ogden Avenue
VALENTINE AVENUE,VALENTINE AVENUE,Valentine Avenue
WASHINGTON AVENUE,WASHINGTON AVENUE,Washington Avenue
2 AVENUE MAIN ROAD,2nd AVENUE,2nd Avenue
ARTHUR AVENUE,ARTHUR AVENUE,Arthur Avenue
2 Avenue service rd,2nd AVENUE,2nd Avenue
2 AVENUE SERVICE ROAD,2nd AVENUE,2nd Avenue
200 STREET,200th STREET,200th Street
MACOMBS ROAD,MACOMBS ROAD,Macombs Road
CROSS BAY BOULEVARD,CROSS BAY BOULEVARD,Cross Bay Boulevard
CEDAR AVENUE,CEDAR AVENUE,Cedar Avenue
METROPOLITAN AVENUE,METROPOLITAN AVENUE,Metropolitan Avenue
MYRTLE AVENUE,MYRTLE AVENUE,Myrtle Avenue
204 Street,204th STREET,204th Street
ROCKAWAY BOULEVARD,ROCKAWAY BOULEVARD,Rockaway Boulevard
SUTPHIN BOULEVARD,SUTPHIN BOULEVARD,Sutphin Boulevard
101 AVENUE,101st AVENUE,101st Avenue
111 AVENUE,111th AVENUE,111th Avenue
BRINKERHOFF AVENUE,BRINKERHOFF AVENUE,Brinkerhoff Avenue
212 Street,212th STREET,212th Street
23 AVENUE,23rd AVENUE,23rd Avenue
34 AVENUE,34th AVENUE,34th Avenue
69 STREET,69th STREET,69th Street
63 DRIVE,63rd DRIVE,63rd Drive
65 PLACE,65th PLACE,65th Place
80 STREET,80th STREET,80th Street
BELL BOULEVARD,BELL BOULEVARD,Bell Boulevard
CALDWELL AVENUE,CALDWELL AVENUE,Caldwell Avenue
COMMONWEALTH BOULEVARD,COMMONWEALTH BOULEVARD,Commonwealth Boulevard
COOPER AVENUE,COOPER AVENUE,Cooper Avenue
26 AVE,26th AVENUE,26th Avenue
CORONA AVENUE,CORONA AVENUE,Corona Avenue
DOUGLASTON PARKWAY,DOUGLASTON PARKWAY,Douglaston Parkway
ELMHURST AVENUE,ELMHURST AVENUE,Elmhurst Avenue
FLUSHING AVENUE,FLUSHING AVENUE,Flushing Avenue
PELHAM PARKWAY,PELHAM PARKWAY,Pelham Parkway
BRONX PARK EAST,BRONX PARK EAST,Bronx Park East
ATLANTIC AVENUE,ATLANTIC AVENUE,Atlantic Avenue
EASTCHESTER ROAD,EASTCHESTER ROAD,Eastchester Road
LAUREL HILL BOULEVARD,LAUREL HILL BOULEVARD,Laurel Hill Boulevard
WILLIAMSBRIDGE ROAD,WILLIAMSBRIDGE ROAD,Williamsbridge Road
ALLERTON AVENUE,ALLERTON AVENUE,Allerton Avenue
BRADDOCK AVENUE,BRADDOCK AVENUE,Braddock Avenue
108 STREET,108th STREET,108th Street
STILLWELL AVENUE,STILLWELL AVENUE,Stillwell Avenue
ASTOR AVENUE,ASTOR AVENUE,Astor Avenue
ESPLANADE,ESPLANADE,Esplanade
NEILL AVENUE,NEILL AVENUE,Neill Avenue
PELHAM PARKWAY NORTH,PELHAM PARKWAY NORTH,Pelham Parkway North
PELHAM PARKWAY SOUTH,PELHAM PARKWAY SOUTH,Pelham Parkway South
WHITE PLAINS ROAD,WHITE PLAINS ROAD,White Plains Road
CYPRESS AVENUE,CYPRESS AVENUE,Cypress Avenue
ELIOT AVENUE,ELIOT AVENUE,Eliot Avenue
FRESH POND ROAD,FRESH POND ROAD,Fresh Pond Road
GRAND AVENUE,GRAND AVENUE,Grand Avenue
JUNCTION BOULEVARD,JUNCTION BOULEVARD,Junction Boulevard
LEFFERTS BOULEVARD,LEFFERTS BOULEVARD,Lefferts Boulevard
LITTLE NECK PARKWAY,LITTLE NECK PARKWAY,Little Neck Parkway
MAURICE AVENUE,MAURICE AVENUE,Maurice Avenue
QUEENS BOULEVARD,QUEENS BOULEVARD,Queens Boulevard
WOODHAVEN BOULEVARD,WOODHAVEN BOULEVARD,Woodhaven Boulevard
26 AVENUE,26th AVENUE,26th Avenue
59 AVENUE,59th AVENUE,59th Avenue
31 AVENUE,31st AVENUE,31st Avenue
32 Ave,32nd AVENUE,32nd Avenue
VAN CORTLANDT AVENUE EAST,VAN CORTLANDT AVENUE EAST,Van Cortlandt Avenue East
32 AVENUE,32nd AVENUE,32nd Avenue
BOOTH MEMORIAL AVENUE,BOOTH MEMORIAL AVENUE,Booth Memorial Avenue
35 AVE,35th AVENUE,35th Avenue
82 STREET,82nd STREET,82nd Street
MOSHOLU PARKWAY,MOSHOLU PARKWAY,Mosholu Parkway
BARTOW AVENUE,BARTOW AVENUE,Bartow Avenue
BAYCHESTER AVENUE,BAYCHESTER AVENUE,Baychester Avenue
ASTORIA BOULEVARD,ASTORIA BOULEVARD,Astoria Boulevard
35 AVENUE,35th AVENUE,35th Avenue
CONNER STREET,CONNER STREET,Conner Street
37 Avenue,37th AVENUE,37th Avenue
45 AVENUE,45th AVENUE,45th Avenue
47 AVENUE,47th AVENUE,47th Avenue
EAST GUN HILL ROAD,EAST GUN HILL ROAD,East Gun Hill Road
MELROSE AVENUE,MELROSE AVENUE,Melrose Avenue
PROSPECT AVENUE,PROSPECT AVENUE,Prospect Avenue
49 STREET,49th STREET,49th Street
RIVERDALE AVENUE,RIVERDALE AVENUE,Riverdale Avenue
51th AVENUE,51st AVENUE,51st Avenue
BAINBRIDGE AVENUE,BAINBRIDGE AVENUE,Bainbridge Avenue
BEDFORD PARK BOULEVARD,BEDFORD PARK BOULEVARD,Bedford Park Boulevard
BROOK AVENUE,BROOK AVENUE,Brook Avenue
56 Road,56th Road,56th Road
65 Street Transverse,65th STREET Transverse,65th Street Transverse
73 PLACE SLIP LANE,73rd PLACE,73rd Place
GARRISON AVENUE,GARRISON AVENUE,Garrison Avenue
JOHNSON AVENUE,JOHNSON AVENUE,Johnson Avenue
NEREID AVENUE,NEREID AVENUE,Nereid Avenue
RIVER AVENUE,RIVER AVENUE,River Avenue
73 STREET,73rd STREET,73rd Street
VAN CORTLANDT PARK EAST,VAN CORTLANDT PARK EAST,Van Cortlandt Park East
COLLEGE POINT BOULEVARD,COLLEGE POINT BOULEVARD,College Point Boulevard
BRONX BOULEVARD,BRONX BOULEVARD,Bronx Boulevard
BRONXWOOD AVENUE,BRONXWOOD AVENUE,Bronxwood Avenue
BURKE AVENUE,BURKE AVENUE,Burke Avenue
CONCOURSE VILLAGE WEST,CONCOURSE VILLAGE WEST,Concourse Village West
ADAM C POWELL BOULEVARD,ADAM CLAYTON POWELL JR. BOULEVARD,Adam Clayton Powell Jr. Boulevard
Adamn C Powell Boulevard,ADAM CLAYTON POWELL JR. BOULEVARD,Adam Clayton Powell Jr. Boulevard
EAST MOSHOLU PARKWAY SOUTH,EAST MOSHOLU PARKWAY SOUTH,East Mosholu Parkway South
GERARD AVENUE,GERARD AVENUE,Gerard Avenue
AVE M,AVEnue M,Avenue M
TINTON AVENUE,TINTON AVENUE,Tinton Avenue
EDSON AVENUE,EDSON AVENUE,Edson Avenue
51 AVENUE,51st AVENUE,51st Avenue
AVE N,AVEnue N,Avenue N
SEAVIEW AVENUE,SEAVIEW AVENUE,Seaview Avenue
HYLAN BOULEVARD,HYLAN BOULEVARD,Hylan Boulevard
WILLOWBROOK ROAD,WILLOWBROOK ROAD,Willowbrook Road
HUGUENOT AVE,HUGUENOT AVENUE,Huguenot Avenue
RICHMOND HILL ROAD,RICHMOND HILL ROAD,Richmond Hill Road
MORLEY AVENUE,MORLEY AVENUE,Morley Avenue
LITTLE CLOVE RD,LITTLE CLOVE ROAD,Little Clove Road
86th ST,86th STREET,86th Street
86 STREET,86th STREET,86th Street
CROPSEY AVE,CROPSEY AVENUE,Cropsey Avenue
BATH AVE,BATH AVENUE,Bath Avenue
BENSON AVE,BENSON AVENUE,Benson Avenue
AVE P,AVEnue P,Avenue P
BAY RIDGE PKWY,BAY RIDGE PARKWAY,Bay Ridge Parkway
8 AVENUE,8th AVENUE,8th Avenue
65 STREET,65th STREET,65th Street
13 AVENUE,13th AVENUE,13th Avenue
14 AVENUE,14th AVENUE,14th Avenue
60 STREET,60th STREET,60th Street
18 AVENUE,18th AVENUE,18th Avenue
AVE U,AVEnue U,Avenue U
BAY PKWY,BAY PARKWAY,Bay Parkway
51 STREET,51st STREET,51st Street
50 STREET,50th STREET,50th Street
39 STREET,39th STREET,39th Street
37 STREET,37th STREET,37th Street
AVE Z,AVEnue Z,Avenue Z
COLUMBIA STREET,COLUMBIA STREET,Columbia Street
CLINTON STREET,CLINTON STREET,Clinton Street
HICKS STREET,HICKS STREET,Hicks Street
3 STREET,3rd STREET,3rd Street
COURT STREET,COURT STREET,Court Street
Bainbrige Avenue,Bainbridge AVENUE,Bainbridge Avenue
LIBERTY STREET,LIBERTY STREET,Liberty Street
CHURCH STREET,CHURCH STREET,Church Street
CHAMBERS STREET,CHAMBERS STREET,Chambers Street
MADISON STREET,MADISON STREET,Madison Street
CATHERINE STREET,CATHERINE STREET,Catherine Street
MARKET STREET,MARKET STREET,Market Street
SURF AVE,SURF AVENUE,Surf Avenue
NEPTUNE AVE,NEPTUNE AVENUE,Neptune Avenue
CONEY ISLAND AVE,CONEY ISLAND AVENUE,Coney Island Avenue
Bedford Park Boulevard  Service Road,Bedford Park Boulevard,Bedford Park Boulevard
CONEY ISLAND AVENUE,CONEY ISLAND AVENUE,Coney Island Avenue
AVENUE J,AVENUE J,Avenue J
Bedford Park Boulevard Main Road,Bedford Park Boulevard,Bedford Park Boulevard
Booth Memorial Ave.,Booth Memorial AVENUE,Booth Memorial Avenue
OCEAN AVE,OCEAN AVENUE,Ocean Avenue
BEDFORD AVE,BEDFORD AVENUE,Bedford Avenue
NOSTRAND AVE,NOSTRAND AVENUE,Nostrand Avenue
32nd AVE,32nd AVENUE,32nd Avenue
CATON AVE,CATON AVENUE,Caton Avenue
DITMAS AVENUE,DITMAS AVENUE,Ditmas Avenue
CORTELYOU ROAD,CORTELYOU ROAD,Cortelyou Road
CHURCH AVE,CHURCH AVENUE,Church Avenue
OCEAN AVENUE,OCEAN AVENUE,Ocean Avenue
FLATBUSH AVE,FLATBUSH AVENUE,Flatbush Avenue
FARRAGUT ROAD,FARRAGUT ROAD,Farragut Road
ROGERS AVE,ROGERS AVENUE,Rogers Avenue
FLATBUSH AVENUE,FLATBUSH AVENUE,Flatbush Avenue
56th RD,56th ROAD,56th Road
LINDEN BLVD,LINDEN BOULEVARD,Linden Boulevard
ASHLAND PLACE,ASHLAND PLACE,Ashland Place
PROSPECT PARK WEST,PROSPECT PARK WEST,Prospect Park West
CLASSON AVE,CLASSON AVENUE,Classon Avenue
BROOKLYN AVE,BROOKLYN AVENUE,Brooklyn Avenue
LAFAYETTE AVE,LAFAYETTE AVENUE,Lafayette Avenue
MYRTLE AVE,MYRTLE AVENUE,Myrtle Avenue
MONTROSE AVE,MONTROSE AVENUE,Montrose Avenue
METROPOLITAN AVE,METROPOLITAN AVENUE,Metropolitan Avenue
MESEROLE STREET,MESEROLE STREET,Meserole Street
WEST BROADWAY,WEST BROADWAY,West Broadway
HUDSON STREET,HUDSON STREET,Hudson Street
BQE,BQE,#N/A
CANAL STREET,CANAL STREET,Canal Street
AVENUE OF THE AMERICAS,AVENUE OF THE AMERICAS,Avenue of the Americas
GRAND STREET,GRAND STREET,Grand Street
BROOME STREET,BROOME STREET,Broome Street
SPRING STREET,SPRING STREET,Spring Street
AVENUE OF AMERICAS,AVENUE OF AMERICAS,Avenue of Americas
E 4TH ST,EAST 4TH STREET,East 4th Street
BOWERY,BOWERY,Bowery
CHRYSTIE STREET,CHRYSTIE STREET,Chrystie Street
EAST 14 STREET,EAST 14th STREET,East 14th Street
2 AVENUE,2nd AVENUE,2nd Avenue
1 AVENUE,1st AVENUE,1st Avenue
LEXINGTON AVENUE,LEXINGTON AVENUE,Lexington Avenue
PITT STREET,PITT STREET,Pitt Street
AVENUE B,AVENUE B,Avenue B
11 AVENUE,11th AVENUE,11th Avenue
10 AVENUE,10th AVENUE,10th Avenue
9 AVENUE,9th AVENUE,9th Avenue
WEST 29 STREET,WEST 29th STREET,West 29th Street
MADISON AVENUE,MADISON AVENUE,Madison Avenue
WEST 30 STREET,WEST 30th STREET,West 30th Street
WEST 34 STREET,WEST 34th STREET,West 34th Street
COLUMBUS AVENUE,COLUMBUS AVENUE,Columbus Avenue
WEST 39 STREET,WEST 39th STREET,West 39th Street
CENTRAL PARK WEST,CENTRAL PARK WEST,Central Park West
AMSTERDAM AVENUE,AMSTERDAM AVENUE,Amsterdam Avenue
AVENUE C,AVENUE C,Avenue C
COMMERCIAL ST,COMMERCIAL STREET,Commercial Street
ASH ST,ASH STREET,Ash Street
DRIGGS AVE,DRIGGS AVENUE,Driggs Avenue
GREENPOINT AVE,GREENPOINT AVENUE,Greenpoint Avenue
YORK AVENUE,YORK AVENUE,York Avenue
WEST END AVENUE,WEST END AVENUE,West End Avenue
AMSTERDAM AVE,AMSTERDAM AVENUE,Amsterdam Avenue
1 AVE,1st AVENUE,1st Avenue
2 AVE,2nd AVENUE,2nd Avenue
MANHATTAN AVENUE,MANHATTAN AVENUE,Manhattan Avenue
BROOKLYN QUEENS EXPRESSWAY,BROOKLYN-QUEENS EXPRESSWAY,Brooklyn-Queens Expressway
AVENUE N,AVENUE N,Avenue N
AVENUE M,AVENUE M,Avenue M
AVENUE U,AVENUE U,Avenue U
AVENUE D,AVENUE D,Avenue D
CLARENDON ROAD,CLARENDON ROAD,Clarendon Road
ALBANY AVENUE,ALBANY AVENUE,Albany Avenue
ALBANY AVE,ALBANY AVENUE,Albany Avenue
GLENWOOD ROAD,GLENWOOD ROAD,Glenwood Road
FLATLANDS AVENUE,FLATLANDS AVENUE,Flatlands Avenue
Brooklyn Queens Expressway Main Road,BROOKLYN-QUEENS EXPRESSWAY,Brooklyn-Queens Expressway
HOWARD AVENUE,HOWARD AVENUE,Howard Avenue
HEGEMAN AVENUE,HEGEMAN AVENUE,Hegeman Avenue
VERMONT PLACE,VERMONT PLACE,Vermont Place
73 PLACE,73rd PLACE,73rd Place
PITKIN AVE,PITKIN AVENUE,Pitkin Avenue
LIBERTY AVE,LIBERTY AVENUE,Liberty Avenue
JAMAICA AVE,JAMAICA AVENUE,Jamaica Avenue
SOUTH CONDUIT AVE,SOUTH CONDUIT AVENUE,South Conduit Avenue
111 AVE,111th AVENUE,111th Avenue
BRINKERHOFF AVE,BRINKERHOFF AVENUE,Brinkerhoff Avenue
KEW GARDENS ROAD,KEW GARDENS ROAD,Kew Gardens Road
VAN WYCK EXPRESSWAY,VAN WYCK EXPRESSWAY,Van Wyck Expressway
ARCHER AVE,ARCHER AVENUE,Archer Avenue
LAKEWOOD AVE,LAKEWOOD AVENUE,Lakewood Avenue
WALTHAM STREET,WALTHAM STREET,Waltham Street
101 AVE,101st AVENUE,101st Avenue
150th ST,150th STREET,150th Street
CENTRAL AVE,CENTRAL AVENUE,Central Avenue
Brooklyn Queens Expressway Service Road,BROOKLYN-QUEENS EXPRESSWAY,Brooklyn-Queens Expressway
CROSS ISLAND PARKWAY,CROSS ISLAND PARKWAY,Cross Island Parkway
HUNGRY HARBOR RD,HUNGRY HARBOR ROAD,Hungry Harbor Road
MAURICE AVE,MAURICE AVENUE,Maurice Avenue
39th ST,39th STREET,39th Street
48th ST,48th STREET,48th Street
BROOKLYN QUEENS EXRESSPWAY,BROOKLYN-QUEENS EXPRESSWAY,Brooklyn-Queens Expressway
MORRIS AVENUE,MORRIS AVENUE,Morris Avenue
AUDUBON AVE,AUDUBON AVENUE,Audubon Avenue
UNDERCLIFF AVENUE,UNDERCLIFF AVENUE,Undercliff Avenue
SHERIDAN AVENUE,SHERIDAN AVENUE,Sheridan Avenue
CEDAR LAWN AVENUE,CEDARLAWN AVENUE,Cedarlawn Avenue
WADSWORTH AVENUE,WADSWORTH AVENUE,Wadsworth Avenue
DYCKMAN STREET,DYCKMAN STREET,Dyckman Street
HENRY HUDSON PKWY,HENRY HUDSON PARKWAY,Henry Hudson Parkway
LONGWOOD AVENUE,LONGWOOD AVENUE,Longwood Avenue
CROTONA AVENUE,CROTONA AVENUE,Crotona Avenue
PARK AVE,PARK AVENUE,Park Avenue
PAULDING AVENUE,PAULDING AVENUE,Paulding Avenue
HUTCHINSON RIVER PKWY,HUTCHINSON RIVER PARKWAY,Hutchinson River Parkway
BOSTON ROAD,BOSTON ROAD,Boston Road
MARYLAND RD,MARYLAND ROAD,Maryland Road
JEWEL AVE,JEWEL AVENUE,Jewel Avenue
UNION STREET,UNION STREET,Union Street
SANFORD AVE,SANFORD AVENUE,Sanford Avenue
ROOSEVELT AVE,ROOSEVELT AVENUE,Roosevelt Avenue
Clearview Expressway SR,Clearview Expressway,Clearview Expressway
LAFAYETTE AVENUE,LAFAYETTE AVENUE,Lafayette Avenue
UNDERHILL AVE,UNDERHILL AVENUE,Underhill Avenue
College Point Beoulevard,College Point Boulevard,College Point Boulevard
HOLLIS COURT BLVD,HOLLIS COURT BOULEVARD,Hollis Court Boulevard
COLUMBUS CIRCLE EB,COLUMBUS CIRCLE,Columbus Circle
56 AVE,56th AVENUE,56th Avenue
COLUMBUS CIRCLE NB,COLUMBUS CIRCLE,Columbus Circle
MARATHON PKWY,MARATHON PARKWAY,Marathon Parkway
FINGERBOARD ROAD,FINGERBOARD ROAD,Fingerboard Road
CORTLANDT ALLEY,CORTLANDT ALLEY,#N/A
Courtladt Avenue,Cortlandt AVENUE,Cortlandt Avenue
FLUSHING AVE,FLUSHING AVENUE,Flushing Avenue
GLEN STREET,GLEN STREET,Glen Street
GRAND AVE,GRAND AVENUE,Grand Avenue
NOSTRAND AVENUE,NOSTRAND AVENUE,Nostrand Avenue
COURTLANDT AVENUE,CORTLANDT AVENUE,Cortlandt Avenue
COLUMBUS AVE,COLUMBUS AVENUE,Columbus Avenue
WEST GUN HILL ROAD,WEST GUN HILL ROAD,West Gun Hill Road
COLONIAL ROAD,COLONIAL ROAD,Colonial Road
115 ROAD,115th ROAD,115th Road
VERNON BLVD,VERNON BOULEVARD,Vernon Boulevard
SPRINGFIELD BLVD,SPRINGFIELD BOULEVARD,Springfield Boulevard
FRANCIS LEWIS BLVD,FRANCIS LEWIS BOULEVARD,Francis Lewis Boulevard
ATLANTIC AVE,ATLANTIC AVENUE,Atlantic Avenue
WOODHAVEN BLVD,WOODHAVEN BOULEVARD,Woodhaven Boulevard
34th AVE,34th AVENUE,34th Avenue
GOWANUS EXPRESSWAY,GOWANUS EXPRESSWAY,Gowanus Expressway
BRADDOCK AVE,BRADDOCK AVENUE,Braddock Avenue
CROSS BX EXPWY SER RD,CROSS Bronx EXPressWaY SERvice ROAD,Cross Bronx Expressway Service Road
11th ST,11th STREET,11th Street
ROCKAWAY BLVD,ROCKAWAY BOULEVARD,Rockaway Boulevard
MERRICK BLVD,MERRICK BOULEVARD,Merrick Boulevard
ORIENTAL BLVD,ORIENTAL BOULEVARD,Oriental Boulevard
FLATLANDS AVE,FLATLANDS AVENUE,Flatlands Avenue
CROSS ISLAND PKWY SR,CROSS ISLAND PARKWAY,Cross Island Parkway
PARK AVENUE SOUTH,PARK AVENUE SOUTH,Park Avenue South
CROSS ISLAND PKWY SR SOUTH,CROSS ISLAND PARKWAY,Cross Island Parkway
Donnellon Square,Donnellon Square,#N/A
EAST HOUSTON STREET,EAST HOUSTON STREET,East Houston Street
LENOX AVE,LENOX AVENUE,Lenox Avenue
ALLEN STREET,ALLEN STREET,Allen Street
DR M L KING JR BOULEVARD,Dr Martin Luther KING Jr BOULEVARD,Dr Martin Luther King Jr Boulevard
NORFOLK STREET,NORFOLK STREET,Norfolk Street
MEEKER AVE,MEEKER AVENUE,Meeker Avenue
KINGS HIGHWAY,KINGS HIGHWAY,Kings Highway
Dr. M L King Jr. Boulevard,Dr Martin Luther KING Jr BOULEVARD,Dr Martin Luther King Jr Boulevard
ROCKAWAY AVENUE,ROCKAWAY AVENUE,Rockaway Avenue
Dr. M L King Jr. Expressway Exit 11 SB,Dr. Martin Luther KING Jr. EXPRESSWAY,Dr. Martin Luther King Jr. Expressway
Dutch Kills Street,Dutch Kills STREET,#N/A
E 174 ST,EAST 174th STREET,East 174th Street
CROSS BRONX EXPRESSWAY,CROSS BRONX EXPRESSWAY,Cross Bronx Expressway
E 176 ST,EAST 176th STREET,East 176th Street
E 177 ST,EAST 177th STREET,East 177th Street
EAST 119 STREET,EAST 119th STREET,East 119th Street
EAST 133 STREET,EAST 133rd STREET,East 133rd Street
THROGS NECK EXPRESSWAY,THROGS NECK EXPRESSWAY,Throgs Neck Expressway
EAST 134 STREET,EAST 134th STREET,East 134th Street
EAST 135 STREET,EAST 135th STREET,East 135th Street
Bronx River Parkway,Bronx River Parkway,Bronx River Parkway
EAST 138 STREET,EAST 138th STREET,East 138th Street
EAST 144 STREET,EAST 144th STREET,East 144th Street
EAST 149 STREET,EAST 149th STREET,East 149th Street
Exterior Street,Exterior STREET,Exterior Street
Grand Concourse,Grand Concourse,Grand Concourse
Harlem River Driveway,Harlem River Driveway,Harlem River Driveway
Henry Hudson Parkway,Henry Hudson Parkway,Henry Hudson Parkway
Hutchinson River Parkway,Hutchinson River Parkway,Hutchinson River Parkway
EAST 156 STREET,EAST 156th STREET,East 156th Street
Provost Avenue,Provost AVENUE,Provost Avenue
Sedgwick Avenue,Sedgwick AVENUE,Sedgwick Avenue
EAST 161 STREET,EAST 161st STREET,East 161st Street
EAST 163 STREET,EAST 163rd STREET,East 163rd Street
EAST 165 STREET,EAST 165th STREET,East 165th Street
110 AVENUE,110th AVENUE,110th Avenue
31 St,31st STREET,31st Street
Richmond Terrace,Richmond Terrace,Richmond Terrace
79 Street Transverse,79th STREET,79th Street
86 Street Transverse,86th STREET,86th Street
97 Street Transverse,97th STREET,97th Street
EAST 167 STREET,EAST 167th STREET,East 167th Street
Bronx River Avenue,Bronx River AVENUE,Bronx River Avenue
EAST 169 STREET,EAST 169th STREET,East 169th Street
East 170  Main Road,EAST 170th STREET,East 170th Street
Morningside Drive,Morningside Drive,Morningside Drive
East 170  Service Road,EAST 170th STREET,East 170th Street
Riverside Drive,Riverside Drive,Riverside Drive
Shore Road,Shore Road,Shore Road
Washington Bridge,Washington Bridge,Washington Bridge
East 170 Main Road,EAST 170th STREET,East 170th Street
East 170 Service Road,EAST 170th STREET,East 170th Street
EAST 170 STREET,EAST 170th STREET,East 170th Street
EAST 174 STREET,EAST 174th STREET,East 174th Street
EAST 177 STREET,EAST 177th STREET,East 177th Street
EAST 18 STREET,EAST 18th STREET,East 18th Street
EAST 181 STREET,EAST 181st STREET,East 181st Street
West Farms Road,West Farms Road,West Farms Road
21 St,21st STREET,21st Street
94 Avenue,94th AVENUE,94th Avenue
Bates Road,Bates Road,Bates Road
EAST 188 STREET,EAST 188th STREET,East 188th Street
Bay Ridge Parkway,Bay Ridge Parkway,Bay Ridge Parkway
Clearview Expressway,Clearview Expressway,Clearview Expressway
EAST 204 STREET,EAST 204th STREET,East 204th Street
EAST 222 STREET,EAST 222nd STREET,East 222nd Street
Cross Island Parkway SR,Cross Island Parkway,Cross Island Parkway
Cropsey Avenue,Cropsey AVENUE,Cropsey Avenue
East 233 Street,East 233rd STREET,East 233rd Street
Grand Central Parkway,Grand Central Parkway,Grand Central Parkway
Horace Harding Expressway SR,Horace Harding Expressway,Horace Harding Expressway
EAST 241 STREET,EAST 241st STREET,East 241st Street
Midland Parkway,Midland Parkway,Midland Parkway
Milford Drive,Milford Drive,Milford Drive
North Boundary Road,North Boundary Road,North Boundary Road
North Conduit Avenue,North Conduit AVENUE,North Conduit Avenue
East 36 Street,East 36th STREET,East 36th Street
Rockland Avenue,Rockland AVENUE,Rockland Avenue
South Avenue,South AVENUE,South Avenue
South Conduit Avenue,South Conduit AVENUE,South Conduit Avenue
East Burnside Avenue Main Road,East Burnside AVENUE,East Burnside Avenue
East Burnside Avenue Service Road,East Burnside AVENUE,East Burnside Avenue
Todt Hill Road,Todt Hill Road,Todt Hill Road
East Mosholu Parkway,Mosholu Parkway,Mosholu Parkway
Ed Koch Queensboro Bridge,ED KOCH QUEENSBORO BRIDGE UPPER LEVEL,Ed Koch Queensboro Bridge Upper Level
West Shore Expressway,West Shore Expressway,West Shore Expressway
Winchester Boulevard,Winchester Boulevard,Winchester Boulevard
1st Avenue,1st AVENUE,1st Avenue
12 Avenue,12th AVENUE,12th Avenue
ED KOCH QUEENSBORO BRIDGE LOWER,ED KOCH QUEENSBORO BRIDGE LOWER LEVEL,Ed Koch Queensboro Bridge Lower Level
Centre Street,Centre STREET,Centre Street
Chatham Square,Chatham Square,Chatham Square
Cherry Street,Cherry STREET,Cherry Street
Columbus Circle,Columbus Circle,Columbus Circle
FDR Drive,FDR Drive,FDR Drive
ED KOCH QUEENSBORO BRIDGE LOWER LEVEL INNER ROADWAY,ED KOCH QUEENSBORO BRIDGE LOWER LEVEL,Ed Koch Queensboro Bridge Lower Level
Forsyth Street,Forsyth STREET,Forsyth Street
ED KOCH QUEENSBORO BRIDGE LOWER LEVEL OUTER ROADWAY,ED KOCH QUEENSBORO BRIDGE LOWER LEVEL,Ed Koch Queensboro Bridge Lower Level
Lafayette Street,Lafayette STREET,Lafayette Street
Honeywell Street,Honeywell STREET,Honeywell Street
EDWARD L GRANT HIGHWAY,EDWARD L. GRANT HIGHWAY,Edward L. Grant Highway
Park Row,Park Row,Park Row
Exterior Street/135 Street,Exterior STREET,Exterior Street
Varick Street,Varick STREET,Varick Street
F D R Drive,FDR Drive,FDR Drive
Walker Street,Walker STREET,Walker Street
Wanamaker Place,Wanamaker Place,Wanamaker Place
West Street,West STREET,West Street
Woodside Avenue,Woodside AVENUE,Woodside Avenue
Terrace Drive,Terrace Drive,Terrace Drive
103 Street,103rd STREET,103rd Street
Atlantic Avenue SR,Atlantic AVENUE,Atlantic Avenue
Belt Parkway,Belt Parkway,Belt Parkway
Borinquen Place,Borinquen Place,Borinquen Place
Driggs Avenue,Driggs AVENUE,Driggs Avenue
Cypress Hills Street,Cypress Hills STREET,Cypress Hills Street
Dekalb Avenue,Dekalb AVENUE,Dekalb Avenue
Eastern Parkway,Eastern Parkway,Eastern Parkway
Empire Boulevard,Empire Boulevard,Empire Boulevard
Euclid Avenue,Euclid AVENUE,Euclid Avenue
Gates Avenue,Gates AVENUE,Gates Avenue
Jackie Robinson Parkway,Jackie Robinson Parkway,Jackie Robinson Parkway
Lewis Avenue,Lewis AVENUE,Lewis Avenue
Meeker Avenue,Meeker AVENUE,Meeker Avenue
Pulaski Bridge,Pulaski Bridge,Pulaski Bridge
Queens Boulevard SR,Queens Boulevard,Queens Boulevard
Ralph Avenue,Ralph AVENUE,Ralph Avenue
Rockaway Parkway,Rockaway Parkway,Rockaway Parkway
Rodney Street,Rodney STREET,Rodney Street
Stewart Avenue,Stewart AVENUE,Stewart Avenue
Utica Avenue,Utica AVENUE,Utica Avenue
Yellowstone Boulevard,Yellowstone Boulevard,Yellowstone Boulevard
Dupont Street,Dupont STREET,Dupont Street
Parkside Avenue,Parkside AVENUE,Parkside Avenue
Prospect Expressway,Prospect Expressway,Prospect Expressway
Ocean Parkway,Ocean Parkway,Ocean Parkway
Shore Parkway,Shore Parkway,Shore Parkway
Emmons Avenue,Emmons AVENUE,Emmons Avenue
East Drive,East Drive,East Drive
Dyre Avenue,Dyre AVENUE,Dyre Avenue
FAIRMONT PL,FAIRMONT Place,Fairmont Place
Kissena Boulevard,Kissena Boulevard,Kissena Boulevard
Lydig Avenue,Lydig AVENUE,Lydig Avenue
Malcolm X Boulevard,Malcolm X Boulevard,Malcolm X Boulevard
Putnam Avenue,Putnam AVENUE,Putnam Avenue
Sanford Avenue,Sanford AVENUE,Sanford Avenue
Tompkins Avenue,Tompkins AVENUE,Tompkins Avenue
Center Drive,Center Drive,Center Drive
Marcus Garvey Boulevard,Marcus Garvey Boulevard,Marcus Garvey Boulevard
9 Street,9th STREET,9th Street
Avenue L,Avenue L,Avenue L
FDR DRIVE VIADUCT,FDR DRIVE,FDR Drive
FT HAMILTON PARKWAY,HAMILTON PARKWAY,Hamilton Parkway
Bruckner Expressway,Bruckner Expressway,Bruckner Expressway
FT WASHINGTON AVENUE,WASHINGTON AVENUE,Washington Avenue
Major Deegan Expressway,Major Deegan Expressway,Major Deegan Expressway
Ft. Hamilton Parkway,Hamilton Parkway,Hamilton Parkway
Avenue H,Avenue H,Avenue H
Avenue Z,Avenue Z,Avenue Z
Long Island Expressway,Long Island Expressway,Long Island Expressway
McDonald Avenue,McDonald AVENUE,McDonald Avenue
Snyder Avenue,Snyder AVENUE,Snyder Avenue
Smith Street,Smith STREET,Smith Street
Goethals Bridge Approach,Goethals Bridge Replacement,Goethals Bridge Replacement
23rd Avenue,23rd AVENUE,23rd Avenue
GRAND CENTRAL PARKWAY NB LEFT ROADWAY,GRAND CENTRAL PARKWAY,Grand Central Parkway
CLARKSON AVENUE,CLARKSON AVENUE,Clarkson Avenue
FRANKLIN AVENUE,FRANKLIN AVENUE,Franklin Avenue
VANDERBILT AVENUE,VANDERBILT AVENUE,Vanderbilt Avenue
QUINCY STREET,QUINCY STREET,Quincy Street
WINTHROP STREET,WINTHROP STREET,Winthrop Street
KINGSTON AVENUE,KINGSTON AVENUE,Kingston Avenue
BEDFORD AVENUE,BEDFORD AVENUE,Bedford Avenue
GRAND CENTRAL PARKWAY RIGHT ROADWAY,GRAND CENTRAL PARKWAY,Grand Central Parkway
ST NICHOLAS AVENUE,ST NICHOLAS AVENUE,St Nicholas Avenue
Grand Concourse Main Road,Grand Concourse,Grand Concourse
DELAFIELD AVENUE,DELAFIELD AVENUE,Delafield Avenue
MARTLING AVENUE,MARTLING AVENUE,Martling Avenue
GRAND CONCOURSE SERVICE ROAD,Grand Concourse,Grand Concourse
BAY COURT,BAY COURT,Bay Court
SHORE BOULEVARD,SHORE BOULEVARD,Shore Boulevard
LENOX ROAD,LENOX ROAD,Lenox Road
MORGAN AVENUE,MORGAN AVENUE,Morgan Avenue
CLAY STREET,CLAY STREET,Clay Street
WHITNEY AVENUE,WHITNEY AVENUE,Whitney Avenue
88 STREET,88th STREET,88th Street
57 STREET,57th STREET,57th Street
SOUTH STREET,SOUTH STREET,South Street
225 St,225th STREET,225th Street
GRAND CONCOURSE_MAIN,Grand Concourse,Grand Concourse
GRAND CONCOURSE_SERV,Grand Concourse,Grand Concourse
MANHATTAN BRIDGE LOWER LEVEL,MANHATTAN BRIDGE LOWER LEVEL,Manhattan Bridge lower level
GUY R BREWER BOULEVARD,GUY R. BREWER BOULEVARD,Guy R. Brewer Boulevard
HENRY HUDSON PARKWAY E,HENRY HUDSON PARKWAY,Henry Hudson Parkway
NASSAU EXPRESSWAY,NASSAU EXPRESSWAY,Nassau Expressway
MANOR AVENUE,MANOR AVENUE,Manor Avenue
MANOR ROAD,MANOR ROAD,Manor Road
TARGEE STREET,TARGEE STREET,Targee Street
BAY STREET,BAY STREET,Bay Street
CLOVE ROAD,CLOVE ROAD,Clove Road
RENWICK AVENUE,RENWICK AVENUE,Renwick Avenue
NARROWS ROAD NORTH,NARROWS ROAD NORTH,Narrows Road North
BEACH CHANNEL DRIVE,BEACH CHANNEL DRIVE,Beach Channel Drive
Holland Tunnel,Holland Tunnel,#N/A
HOMELAWN STREET,HOME LAWN STREET,Home Lawn Street
Hylan Blvd South,Hylan BOULEVARD,Hylan Boulevard
Hylan Blvd.,Hylan BOULEVARD,Hylan Boulevard
JEROME AVENUE SR,JEROME AVENUE,Jerome Avenue
EVERTON AVENUE,EVERTON AVENUE,Everton Avenue
BARLOW AVENUE,BARLOW AVENUE,Barlow Avenue
JJ Byrne Memorial Bridge,JJ Byrne Memorial Bridge,#N/A
EAST BURNSIDE AVENUE,EAST BURNSIDE AVENUE,East Burnside Avenue
Joe Dimaggio Highway,"['Henry Hudson Parkway', 'Joe DiMaggio Highway']","['Henry Hudson Parkway', 'Joe DiMaggio Highway']"
KINGS HIGHWAY SERVICE,KINGS HIGHWAY,Kings Highway
KINGS HWY,KINGS HIGHWAY,Kings Highway
HEWLETT STREET,HEWLETT STREET,Hewlett Street
KOREAN WAR VETS PARKWAY,KOREAN WAR VETERANS PARKWAY,Korean War Veterans Parkway
BATH AVENUE,BATH AVENUE,Bath Avenue
KOREAN WAR VETS PARKWAY SR,KOREAN WAR VETERANS PARKWAY,Korean War Veterans Parkway
Layafette Street,Lafayette STREET,Lafayette Street
HUNTS POINT AVENUE,HUNTS POINT AVENUE,Hunts Point Avenue
HARLEM RIVER DRIVE,HARLEM RIVER DRIVE,Harlem River Drive
LOUIS NINE  BOULEVARD,LOUIS NINE BOULEVARD,#N/A
Louis Nine Boulevard,Louis Nine Boulevard,#N/A
ED KOCH QUEENSBORO BRIDGE UPPER LEVEL,ED KOCH QUEENSBORO BRIDGE UPPER LEVEL,Ed Koch Queensboro Bridge Upper Level
MAC DOUGAL STREET,MACDOUGAL STREET,MacDougal Street
Manhattan  BROADWAY,Manhattan BROADWAY,#N/A
ECKFORD AVENUE,ECKFORD AVENUE,Eckford Avenue
SURF AVENUE,SURF AVENUE,Surf Avenue
MANHATTAN BRIDGE UPPER LEVEL,MANHATTAN BRIDGE,Manhattan Bridge
FORT HAMILTON PARKWAY,FORT HAMILTON PARKWAY,Fort Hamilton Parkway
Manhattan WEST 155 ST,WEST 155th STREET,West 155th Street
AUDUBON AVENUE,AUDUBON AVENUE,Audubon Avenue
Moshoulu Parkway,Moshoulu Parkway,#N/A
Mt Morris Park West,Mount Morris Park West,Mount Morris Park West
BENSON AVENUE,BENSON AVENUE,Benson Avenue
AVENUE P,AVENUE P,Avenue P
BAY PARKWAY,BAY PARKWAY,Bay Parkway
MURDOCK AVE NUE,MURDOCK AVENUE,Murdock Avenue
ARCHER AVENUE,ARCHER AVENUE,Archer Avenue
LAKEWOOD AVENUE,LAKEWOOD AVENUE,Lakewood Avenue
STATEN ISLAND EXPRESSWAY,STATEN ISLAND EXPRESSWAY,Staten Island Expressway
Ocean Parkway Main Road,Ocean Parkway,Ocean Parkway
Ocean Parkway Service Road,Ocean Parkway,Ocean Parkway
PARK AVENUE VIADUCT,PARK AVENUE,Park Avenue
5th AVENUE,5th AVENUE,5th Avenue
3rd AVENUE,3rd AVENUE,3rd Avenue
Pelham Bridge,Pelham Bridge,#N/A
Pelham Bridge Rd,Pelham Bridge ROAD,#N/A
St Marys Street,St Marys STREET,St Marys Street
Caton Avenue,Caton AVENUE,Caton Avenue
RICHMOND,RICHMOND,#N/A
Pennsylvania Avenue,Pennsylvania AVENUE,Pennsylvania Avenue
Church Avenue,Church AVENUE,Church Avenue
Richmond Ter,Richmond Ter,#N/A
State Street,State STREET,State Street
Greenwich Street,Greenwich STREET,Greenwich Street
SEAGRIT BLVD,SEAGRIT BOULEVARD,#N/A
SHERIDANA AVENUE,SHERIDAN AVENUE,Sheridan Avenue
Commercial Street,Commercial STREET,Commercial Street
Shore Pkwy South,Shore PARKWAY,Shore Parkway
SO CONDUIT AVE,SOUTH CONDUIT AVENUE,South Conduit Avenue
Central Park South,Central Park South,Central Park South
St James Place,St James Place,St James Place
ST ANNS AVENUE,SAINT ANN'S AVENUE,Saint Ann's Avenue
ST MARY'S STREET,ST MARYS STREET,St Marys Street
Frederick Douglass Boulevard,Frederick Douglass Boulevard,Frederick Douglass Boulevard
ST NICHOLAS PLACE,SAINT NICHOLAS PLACE,Saint Nicholas Place
Central Park North,Central Park North,Central Park North
St. Anns Ave,SAINT ANN'S AVENUE,Saint Ann's Avenue
Marathon Parkway,Marathon Parkway,Marathon Parkway
Neptune Avenue,Neptune AVENUE,Neptune Avenue
St. Anns Avenue,SAINT ANN'S AVENUE,Saint Ann's Avenue
Seagirt Boulevard,Seagirt Boulevard,Seagirt Boulevard
Marmion Avenue,Marmion AVENUE,Marmion Avenue
Belmont Avenue,Belmont AVENUE,Belmont Avenue
Fountain Avenue,Fountain AVENUE,Fountain Avenue
East 23 Street,East 23rd STREET,East 23rd Street
St. James Place,St James Place,St James Place
St. Marys Street,St Marys STREET,St Marys Street
East 4 Street,East 4th STREET,East 4th Street
St. Nicholas Avenue,St Nicholas AVENUE,St Nicholas Avenue
StillwellAvenue,Stillwell Avenue,Stillwell Avenue
Sheridan Expressway,Sheridan Expressway,Sheridan Expressway
Bushwick Avenue,Bushwick AVENUE,Bushwick Avenue
Hollis Court Boulevard,Hollis Court Boulevard,Hollis Court Boulevard
Underhill Avenue,Underhill AVENUE,Underhill Avenue
THROGS NECK EXPWY SER RD,THROGS NECK EXPRESSWAY,Throgs Neck Expressway
Tinton Street,Tinton STREET,#N/A
Rogers Avenue,Rogers AVENUE,Rogers Avenue
Classon Avenue,Classon AVENUE,Classon Avenue
Brooklyn Avenue,Brooklyn AVENUE,Brooklyn Avenue
TRINITY PL,TRINITY Place,Trinity Place
University Heights Bridge Approach,University Heights Bridge,#N/A
Van Wyck Boulevard East,Van-Wyck Boulevard,#N/A
Van Wyck Boulevard West,Van Wyck Boulevard West,#N/A
Van Wyck Expressway Exit 11 SB,Van Wyck Expressway,Van Wyck Expressway
W 155 Street,West 155th STREET,West 155th Street
West 42 Street,West 42nd STREET,West 42nd Street
West 116 Street,West 116th STREET,West 116th Street
West 125 Street,West 125th STREET,West 125th Street
WEST 135 STREET,WEST 135th STREET,West 135th Street
West 145 Street,West 145th STREET,West 145th Street
Webster Ave,Webster AVENUE,Webster Avenue
WEST 155 ST,WEST 155th STREET,West 155th Street
Poly Place,Poly Place,Poly Place
Montrose Avenue,Montrose AVENUE,Montrose Avenue
Central Avenue,Central AVENUE,Central Avenue
West 167 Street,West 167th STREET,West 167th Street
Jewel Avenue,Jewel AVENUE,Jewel Avenue
West 178 Street,West 178th STREET,West 178th Street
West 179 Street,West 179th STREET,West 179th Street
11TH STREET,11TH STREET,11th Street
West 180 Street,West 180th STREET,West 180th Street
34TH AVENUE,34TH AVENUE,34th Avenue
48ST STREET,48th STREET,48th Street
59 Ave,59th AVENUE,59th Avenue
69 St,69th STREET,69th Street
West 181 Street,West 181st STREET,West 181st Street
Beach St,Beach STREET,Beach Street
WEST 239 STREET,WEST 239th STREET,West 239th Street
Murdock Ave,Murdock AVENUE,Murdock Avenue
West 48 Street,West 48th STREET,West 48th Street
Cooper Ave,Cooper AVENUE,Cooper Avenue
Corona Ave,Corona AVENUE,Corona Avenue
Cypress Ave,Cypress AVENUE,Cypress Avenue
Douglaston Pkwy,Douglaston Parkway,Douglaston Parkway
Elmhurst Ave,Elmhurst AVENUE,Elmhurst Avenue
Green Avenue,Green AVENUE,Green Avenue
Hamilton Avenue,Hamilton AVENUE,Hamilton Avenue
Hillside Ave,Hillside AVENUE,Hillside Avenue
West 49 Street,West 49th STREET,West 49th Street
Steuben St,Steuben STREET,Steuben Street
West 53 Street,West 53rd STREET,West 53rd Street
Junction Blvd,Junction BOULEVARD,Junction Boulevard
Northern Blvd,Northern BOULEVARD,Northern Boulevard
Ocean  Avenue,Ocean AVENUE,Ocean Avenue
Richmond Ave,Richmond AVENUE,Richmond Avenue
Sunrise Highway,Sunrise Highway,Sunrise Highway
126th St,126th STREET,126th Street
St Nicholas Ave,St Nicholas AVENUE,St Nicholas Avenue
Steinway St,Steinway STREET,Steinway Street
Van Duzer St,Van Duzer STREET,Van Duzer Street
Woolley Aveneue,Woolley AVENUE,Woolley Avenue
10TH AVENUE,10TH AVENUE,10th Avenue
103rd STREET,103rd STREET,103rd Street
108th STREET,108th STREET,108th Street
11th AVENUE,11th AVENUE,11th Avenue
13th AVENUE,13th AVENUE,13th Avenue
14th AVENUE,14th AVENUE,14th Avenue
164th STREET,164th STREET,164th Street
188th STREET,188th STREET,188th Street
2nd AVENUE,2nd AVENUE,2nd Avenue
31st AVENUE,31st AVENUE,31st Avenue
31st STREET,31st STREET,31st Street
34th St,34th STREET,34th Street
35th AVENUE,35th AVENUE,35th Avenue
39th AVENUE,39th AVENUE,39th Avenue
47th AVENUE,47th AVENUE,47th Avenue
48th STREET,48th STREET,48th Street
West 55 Street,West 55th STREET,West 55th Street
58th St,58th STREET,58th Street
58th STREET,58th STREET,58th Street
60th STREET,60th STREET,60th Street
63rd DRIVE,63rd DRIVE,63rd Drive
65th Street,65th STREET,65th Street
7th AVENUE,7th AVENUE,7th Avenue
8th AVENUE,8th AVENUE,8th Avenue
82nd STREET,82nd STREET,82nd Street
9TH AVENUE,9TH AVENUE,9th Avenue
94th AVENUE,94th AVENUE,94th Avenue
West 56 Street,West 56th STREET,West 56th Street
Arden Ave,Arden AVENUE,Arden Avenue
6th AVENUE,6th AVENUE,6th Avenue
Barlow Ave,Barlow AVENUE,Barlow Avenue
Cedar Ave,Cedar AVENUE,Cedar Avenue
Colonial Rd,Colonial ROAD,Colonial Road
EAST 135th STREET,EAST 135th STREET,East 135th Street
EAST 138th STREET,EAST 138th STREET,East 138th Street
EAST 144th STREET,EAST 144th STREET,East 144th Street
EAST 149th STREET,EAST 149th STREET,East 149th Street
EAST 161st STREET,EAST 161st STREET,East 161st Street
EAST 163rd STREET,EAST 163rd STREET,East 163rd Street
EAST 169th STREET,EAST 169th STREET,East 169th Street
EAST 170th STREET,EAST 170th STREET,East 170th Street
EAST 174th STREET,EAST 174th STREET,East 174th Street
EAST 177th STREET,EAST 177th STREET,East 177th Street
EAST 18th STREET,EAST 18th STREET,East 18th Street
E 204th St,EAST 204th STREET,East 204th Street
EAST 23RD STREET,EAST 23RD STREET,East 23rd Street
EAST 233rd STREET,EAST 233rd STREET,East 233rd Street
EAST 241st STREET,EAST 241st STREET,East 241st Street
FORT WASHINGTON AVENUE,FORT WASHINGTON AVENUE,Fort Washington Avenue
Greenwich St,Greenwich STREET,Greenwich Street
Honeywell St,Honeywell STREET,Honeywell Street
Main St,Main STREET,Main Street
West 57 Street,West 57th STREET,West 57th Street
Queens Blvd,Queens BOULEVARD,Queens Boulevard
Woodhaven Boulevard Main Road,Woodhaven Boulevard,Woodhaven Boulevard
Rosedale Ave,Rosedale AVENUE,Rosedale Avenue
Southern Blvd,Southern BOULEVARD,Southern Boulevard
Woodhaven Boulevard Service Road,Woodhaven Boulevard,Woodhaven Boulevard
WEST 125th STREET,WEST 125th STREET,West 125th Street
WEST 135th STREET,WEST 135th STREET,West 135th Street
WEST 145th STREET,WEST 145th STREET,West 145th Street
WEST 155th STREET,WEST 155th STREET,West 155th Street
WEST 167th STREET,WEST 167th STREET,West 167th Street
WEST 30th STREET,WEST 30th STREET,West 30th Street
WEST 34th STREET,WEST 34th STREET,West 34th Street
WEST 39th STREET,WEST 39th STREET,West 39th Street
WEST 48th STREET,WEST 48th STREET,West 48th Street
WEST 53rd STREET,WEST 53rd STREET,West 53rd Street
WEST 55th STREET,WEST 55th STREET,West 55th Street
WEST 56th STREET,WEST 56th STREET,West 56th Street
WEST 57th STREET,WEST 57th STREET,West 57th Street
WEST 49th STREET,WEST 49th STREET,West 49th Street
